<?xml version="1.0" encoding="UTF-8"?>              
<beans xmlns="http://www.springframework.org/schema/beans"
	xmlns:xsi="http://www.w3.org/2001/XMLSchema-instance"
	xmlns:context="http://www.springframework.org/schema/context"
	xmlns:aop="http://www.springframework.org/schema/aop"     
	xmlns:tx="http://www.springframework.org/schema/tx"
	xmlns:mvc="http://www.springframework.org/schema/mvc"        
	xsi:schemaLocation="http://www.springframework.org/schema/beans      
	http://www.springframework.org/schema/beans/spring-beans.xsd
	http://www.springframework.org/schema/context          
	http://www.springframework.org/schema/context/spring-context.xsd
	http://www.springframework.org/schema/aop                                    
	http://www.springframework.org/schema/aop/spring-aop.xsd  
	http://www.springframework.org/schema/mvc                         
	http://www.springframework.org/schema/mvc/spring-mvc.xsd
	http://www.springframework.org/schema/tx            
	http://www.springframework.org/schema/tx/spring-tx.xsd">
	
	<context:component-scan base-package="com.niit"></context:component-scan>

	<mvc:annotation-driven></mvc:annotation-driven>
	   
	<!-- 3:SessionFactory对象 -->
	<bean id="sessionFactory" class="org.springframework.orm.hibernate5.LocalSessionFactoryBean">
		<property name="configLocation" value="classpath:hibernate.cfg.xml"/>
	</bean>     
	
	<!-- 4:HibernateTemplate对象 -->
	<bean id="ht" class="org.springframework.orm.hibernate5.HibernateTemplate">
		<property name="sessionFactory" ref="sessionFactory"/>
	</bean>
	
	

	<bean id="transactionManager" class="org.springframework.orm.hibernate5.HibernateTransactionManager">
		<property name="sessionFactory" ref="sessionFactory"/>
	</bean>

	<tx:advice id="txAdivce" transaction-manager="transactionManager">
		<tx:attributes>     
			<tx:method name="save*" isolation="DEFAULT" propagation="REQUIRED"  read-only="false" />
			<tx:method name="add*" isolation="DEFAULT" propagation="REQUIRED"  read-only="false" />
			<tx:method name="update*" isolation="DEFAULT" propagation="REQUIRED" read-only="false" />
			<tx:method name="delete*" isolation="DEFAULT" propagation="REQUIRED" read-only="false" />
			<tx:method name="find*" isolation="DEFAULT" propagation="REQUIRED" read-only="false" />
			<tx:method name="*" isolation="DEFAULT" propagation="REQUIRED" read-only="false" />
		</tx:attributes>
	</tx:advice>  
     
	<aop:config>
		<aop:pointcut expression="execution(* com.niit.dao.*.*(..))" id="myPt"/>
		<aop:advisor advice-ref="txAdivce" pointcut-ref="myPt"/>
	</aop:config>
		 <!-- 8.返回的视图的解释 -->
   <!-- 为了设置去掉返回路径的前缀,后缀,所以需要配置视图解释器-->
   <bean name="viewResolver" class="org.springframework.web.servlet.view.InternalResourceViewResolver">
        <property name="viewClass" value="org.springframework.web.servlet.view.JstlView"></property>
        <property name="prefix" value="/"></property>
        <property name="suffix" value=".jsp"></property>      
   </bean>    
   
 <bean id="multipartResolver" class="org.springframework.web.multipart.commons.CommonsMultipartResolver">
  <property name="defaultEncoding" value="UTF-8" />
  <property name="maxUploadSize" value="102400000" />
  <property name="maxInMemorySize" value="20971520"></property>   
</bean>
   
   <mvc:resources location="/images/" mapping="/images/**"></mvc:resources>
   <mvc:resources location="/css/" mapping="/css/**"></mvc:resources>
   <mvc:resources location="/js/" mapping="/js/**"></mvc:resources>
   <mvc:resources location="/upload/" mapping="/upload/**"></mvc:resources>    
</beans>        
