<!DOCTYPE hibernate-configuration PUBLIC
	"-//Hibernate/Hibernate Configuration DTD 3.0//EN"
	"http://www.hibernate.org/dtd/hibernate-configuration-3.0.dtd">

<hibernate-configuration>

<session-factory>
	<!-- 1.必填连接数据库参数 -->
	<property name="hibernate.connection.driver_class">
		com.mysql.jdbc.Driver
	</property>
	<property name="hibernate.connection.url">
		jdbc:mysql://localhost:3306/doublezlz?useUnicode=true&amp;characterEncoding=utf-8
	</property>
	<property name="hibernate.connection.username">root</property>
	<property name="hibernate.connection.password">root</property>

	<!-- 2:Hibernate整合C3P0连接池 -->
	<property name="hibernate.connection.provider_class">
		org.hibernate.c3p0.internal.C3P0ConnectionProvider
	</property>  
	<!-- C3P0参数 -->
	<property name="hibernate.c3p0.min_size">10</property>
	<property name="hibernate.c3p0.max_size">50</property>
	<property name="hibernate.c3p0.timeout">5000</property>

	<!-- 3:方言 -->
	<property name="hibernate.dialect">
		org.hibernate.dialect.MySQL5Dialect
	</property>

	<!-- 4:.扩展参数 -->
	<!-- 显示SQL语句 -->
	<property name="hibernate.show_sql">true</property>
	<!-- 格式化SQL语句 -->
	<property name="hibernate.format_sql">true</property>
	<!-- 自动维护表  -->
	<property name="hibernate.hbm2ddl.auto">update</property>

  
	<!-- 5.映射文件路径 -->
	<mapping class="com.niit.entity.Admin" />
	<mapping class="com.niit.entity.Academy" />
	<mapping class="com.niit.entity.Major" />
	<mapping class="com.niit.entity.Teacher" /> 
	<mapping class="com.niit.entity.Course" /> 
	<mapping class="com.niit.entity.Vedio" /> 
	<mapping class="com.niit.entity.Student" /> 
	<mapping class="com.niit.entity.Grade" />
	<mapping class="com.niit.entity.Batch"/>
	<mapping class="com.niit.entity.SestudentCourse"/>
	<mapping class="com.niit.entity.Totalcoursetable"/>
	<mapping class="com.niit.entity.SeleCourse"/>
	<mapping class="com.niit.entity.Message"/>
    <mapping class="com.niit.entity.DivideCourseTable"/>
    <mapping class="com.niit.entity.Classroom"/>
    <mapping class="com.niit.entity.Face" />
	
	
</session-factory>
</hibernate-configuration>